,Year,AFG,ALB,DZA,AGO,ATG,ARG,ARM,ABW,AUS,AUT,AZE,BHS,BHR,BGD,BRB,BLR,BEL,BLZ,BEN,BMU,BTN,BOL,BIH,BWA,BRA,BRN,BGR,BFA,BDI,CPV,KHM,CMR,CAN,CYM,CAF,TCD,CHL,CHN,COL,COM,ZAR,COG,CRI,CIV,HRV,CUB,CYP,CZE,DNK,DJI,DMA,DOM,EAS,EAP,ECU,EGY,SLV,GNQ,ERI,EST,ETH,ECA,FRO,FJI,FIN,FRA,PYF,GAB,GMB,GEO,DEU,GHA,GRC,GRL,GRD,GTM,GIN,GNB,GUY,HTI,HPC,HND,HKG,HUN,ISL,IDA,IND,IDN,IRN,IRQ,IRL,IMY,ISR,ITA,JAM,JPN,JOR,KAZ,KEN,KIR,KOR,KWT,KGZ,LAO,LAC,LVA,LDC,LBN,LSO,LBR,LBY,LTU,LMY,LUX,MAC,MKD,MDG,MWI,MYS,MDV,MLI,MLT,MRT,MUS,MEX,FSM,MNA,MDA,MNG,MAR,MOZ,MMR,NAM,NPL,NLD,NCL,NZL,NIC,NER,NGA,NOR,OMN,OSS,PAK,PAN,PNG,PRY,PER,PHL,POL,PRT,QAT,ROM,RUS,RWA,WSM,SMR,STP,SAU,SEN,SYC,SLE,SGP,SXM,SVK,SVN,SST,SLB,SOM,ZAF,SAS,ESP,LKA,KNA,LCA,VCT,SSA,SDN,SUR,SWZ,SWE,CHE,SYR,TJK,TZA,THA,TMP,TGO,TON,TTO,TUN,TUR,TKM,UGA,UKR,ARE,GBR,USA,URY,UZB,VUT,VEN,VNM,VIR,WLD,YEM,ZMB,ZWE
0,1991,1917.0,8017.0,8517.0,3917.0,8717.0,9917.0,,,8617.0,6017.0,,9317.0,8817.0,6817.0,9217.0,,6717.0,7617.0,6017.0,,8917.0,5417.0,,8817.0,8517.0,9617.0,9817.0,6917.0,7417.0,7617.0,3917.0,4817.0,9217.0,,5717.0,2817.0,9917.0,9217.0,7817.0,4017.0,1717.0,6417.0,9617.0,5717.0,,9917.0,7817.0,,8617.0,5317.0,9817.0,7217.0,86.05853628321907,86.39818288544859,5417.0,8917.0,5417.0,8517.0,,,1717.0,,,9317.0,9717.0,7417.0,,7117.0,8717.0,,7517.0,6317.0,7217.0,,9617.0,4917.0,4217.0,5217.0,7617.0,3517.0,46.97158427876852,8617.0,,9917.0,9917.0,56.390679673667535,4317.0,6117.0,8417.0,7117.0,7817.0,,9417.0,5017.0,7717.0,7117.0,8517.0,,8117.0,6217.0,9317.0,7517.0,,4717.0,79.96151124558871,,50.96590097681572,6517.0,8117.0,,8717.0,,68.24132069266442,8017.0,,,5417.0,8517.0,8017.0,9717.0,4217.0,9017.0,3217.0,8817.0,8917.0,7617.0,81.55253325657611,,8217.0,8017.0,5517.0,6717.0,7617.0,5717.0,9417.0,,8217.0,5417.0,2817.0,5717.0,9417.0,9617.0,77.0610105859314,5117.0,8017.0,6917.0,7417.0,7417.0,8317.0,9417.0,9617.0,8417.0,9217.0,,8917.0,7717.0,9917.0,7717.0,9517.0,5417.0,8917.0,,9217.0,,,,78.52453019763044,7617.0,3017.0,8517.0,46.74421373997917,8517.0,7917.0,9917.0,9717.0,9917.0,53.94745820558752,5717.0,8417.0,8017.0,9617.0,8317.0,8417.0,,7917.0,7917.0,,6917.0,9017.0,9317.0,9417.0,7317.0,,5417.0,,8217.0,9017.0,8717.0,9617.0,,6317.0,6317.0,8817.0,,69.78238901117282,5317.0,8017.0,8717.0
1,1992,2217.0,8717.0,8617.0,3917.0,9917.0,9217.0,9317.0,,8617.0,6017.0,5217.0,9417.0,8717.0,6917.0,9017.0,9417.0,8717.0,6917.0,7017.0,,8617.0,5717.0,5217.0,8817.0,9117.0,9217.0,9217.0,6017.0,6917.0,8217.0,3317.0,3717.0,9417.0,,3217.0,2517.0,8917.0,8717.0,7417.0,5117.0,2517.0,6017.0,9217.0,5417.0,9017.0,9917.0,8017.0,,8517.0,4117.0,9917.0,7317.0,82.4751945962702,82.68860113141709,6917.0,8917.0,5517.0,8217.0,,,1217.0,81.39208820125617,,9117.0,9917.0,7617.0,,6617.0,8317.0,1617.0,7517.0,6417.0,7217.0,,7317.0,5917.0,5217.0,6017.0,7317.0,3917.0,46.537255206662216,8917.0,,9917.0,9917.0,55.68847804813362,5117.0,6517.0,9617.0,6717.0,7817.0,,9417.0,5017.0,6317.0,6917.0,9117.0,8917.0,8417.0,7717.0,9317.0,8517.0,9417.0,4617.0,82.44927807704941,9517.0,50.52411534403222,7617.0,8117.0,,8817.0,8917.0,68.56192452015232,8017.0,,,5417.0,9117.0,8217.0,9817.0,3517.0,9217.0,4317.0,8417.0,8817.0,7817.0,83.63053049884181,7317.0,8417.0,8117.0,5617.0,6817.0,7617.0,5817.0,9517.0,,8217.0,8317.0,2117.0,4317.0,9617.0,9617.0,76.8620057617813,5217.0,7617.0,7017.0,8717.0,8317.0,8117.0,9517.0,9917.0,8617.0,9117.0,8317.0,8217.0,9017.0,9917.0,5217.0,8817.0,5717.0,9217.0,,8917.0,,,9017.0,76.12143489273417,7017.0,3217.0,8517.0,52.90952821798592,8317.0,8217.0,9917.0,7517.0,9917.0,50.68533197612717,5217.0,6117.0,8517.0,9617.0,8317.0,8417.0,6817.0,8117.0,7417.0,,6417.0,8717.0,8317.0,9417.0,7817.0,7617.0,5617.0,9017.0,8517.0,9217.0,8317.0,9317.0,8417.0,6617.0,6117.0,9017.0,,69.96673917733392,4617.0,8517.0,8617.0
2,1993,2517.0,7617.0,8717.0,4717.0,9917.0,9517.0,9517.0,,8617.0,6017.0,4917.0,8817.0,9017.0,7417.0,9217.0,9617.0,7017.0,8017.0,6717.0,,8417.0,5717.0,4817.0,8817.0,8517.0,9917.0,8817.0,5017.0,6917.0,8817.0,3617.0,3217.0,9617.0,,4217.0,1917.0,9417.0,8117.0,9417.0,5617.0,3317.0,5517.0,8917.0,5217.0,9017.0,9617.0,8117.0,9817.0,8117.0,4117.0,9917.0,7517.0,78.9021898709047,78.93661044990371,8517.0,8917.0,8617.0,7917.0,3417.0,7417.0,2217.0,82.7030494419697,,9617.0,9917.0,7817.0,,6317.0,8717.0,6117.0,8917.0,6617.0,7217.0,,9917.0,7117.0,5517.0,6817.0,9217.0,4417.0,48.44313631038942,9417.0,,9917.0,9917.0,56.75969685390972,5917.0,6817.0,9617.0,6317.0,7817.0,,9217.0,5017.0,8017.0,6817.0,8817.0,9117.0,8417.0,8917.0,9217.0,9517.0,9317.0,4617.0,81.65121718611871,8017.0,53.36413778925472,8817.0,8217.0,,9117.0,9217.0,69.00834266052283,8317.0,,9817.0,5417.0,8717.0,8117.0,8617.0,5117.0,9017.0,4917.0,8417.0,7917.0,8017.0,83.7863051901003,6417.0,8417.0,8317.0,6217.0,7117.0,7117.0,5817.0,9417.0,,8517.0,8417.0,1917.0,4017.0,9317.0,9517.0,77.30826853802691,5217.0,8317.0,2817.0,9617.0,7517.0,7817.0,9517.0,9517.0,8617.0,9317.0,8817.0,7417.0,9217.0,9617.0,5717.0,9117.0,5817.0,9217.0,,8717.0,,,9017.0,78.95574234332042,6417.0,3317.0,8517.0,59.33923125902092,9017.0,8617.0,9917.0,9417.0,9917.0,51.40493997868492,4917.0,6117.0,8517.0,9717.0,8317.0,8617.0,8117.0,7717.0,8017.0,,6017.0,8717.0,8717.0,9217.0,7217.0,8417.0,5717.0,9417.0,9017.0,9117.0,8417.0,9017.0,8217.0,7417.0,6217.0,9317.0,,70.56218087319013,5117.0,9117.0,8617.0
3,1994,4017.0,9017.0,8817.0,4417.0,9117.0,9617.0,9517.0,,8617.0,6017.0,6017.0,8817.0,9317.0,7817.0,9717.0,9717.0,7817.0,8217.0,7817.0,,8117.0,6417.0,5717.0,8817.0,7717.0,9917.0,9317.0,4517.0,4217.0,8717.0,5017.0,3817.0,9717.0,,5217.0,2417.0,9617.0,7517.0,8417.0,5917.0,3917.0,4717.0,8717.0,5517.0,9017.0,9917.0,8217.0,9717.0,8817.0,4217.0,9917.0,7617.0,76.0414565324275,75.38636814567519,8317.0,8917.0,8017.0,8017.0,5117.0,7617.0,5417.0,80.9798366373217,,9617.0,9917.0,8017.0,,6017.0,8917.0,6317.0,9017.0,6817.0,7017.0,,8717.0,6617.0,5817.0,6817.0,8317.0,4817.0,54.67656341486452,9317.0,,9917.0,9817.0,59.99878233419562,6717.0,6617.0,9717.0,7217.0,7817.0,,9217.0,5017.0,8217.0,8117.0,9117.0,9117.0,8417.0,7017.0,9217.0,9817.0,8817.0,7317.0,82.2080068995847,8117.0,58.44595910254043,8817.0,8217.0,,9217.0,9317.0,70.22036964853243,8617.0,,8817.0,6317.0,8317.0,9517.0,9717.0,4617.0,7117.0,5317.0,8517.0,9017.0,8317.0,83.25568301555882,8517.0,8017.0,8717.0,6517.0,7717.0,7017.0,5817.0,9417.0,,8717.0,8417.0,1917.0,4117.0,9417.0,9717.0,78.09964553053621,5317.0,8417.0,3617.0,7617.0,7517.0,7517.0,9617.0,9117.0,8617.0,9117.0,8117.0,2517.0,9417.0,9717.0,6517.0,9317.0,5917.0,9217.0,,9517.0,,9717.0,9117.0,79.31508337768322,6017.0,3517.0,7617.0,65.95642321463193,9017.0,8417.0,9917.0,9217.0,9917.0,55.02484363361862,4817.0,7217.0,9417.0,9717.0,8317.0,8617.0,7317.0,7917.0,8617.0,,5717.0,8617.0,8617.0,9117.0,7617.0,9017.0,5917.0,9617.0,9017.0,9117.0,8917.0,9017.0,7117.0,5317.0,9417.0,9617.0,,72.01849428214963,3117.0,9617.0,8717.0
4,1995,4117.0,9117.0,8917.0,4617.0,9317.0,9917.0,9617.0,,8717.0,6017.0,6417.0,9017.0,9517.0,7917.0,9217.0,9317.0,8517.0,8317.0,6517.0,,8517.0,5817.0,5317.0,8917.0,8717.0,9917.0,9417.0,4317.0,8017.0,8517.0,6217.0,4617.0,9617.0,,4617.0,2617.0,9717.0,8017.0,9517.0,6917.0,2717.0,3817.0,9117.0,5717.0,9217.0,9917.0,8317.0,9617.0,8817.0,4117.0,9917.0,7817.0,79.03285339596611,78.0668021285577,8117.0,8917.0,9317.0,8117.0,5817.0,8117.0,3817.0,82.23530930309771,,9417.0,9817.0,8317.0,,5717.0,9117.0,6117.0,9217.0,7017.0,7017.0,,8817.0,8317.0,6117.0,4517.0,7717.0,4917.0,53.26058847632782,8917.0,,9917.0,9917.0,59.67304641277322,7217.0,6317.0,9517.0,8017.0,7717.0,,9317.0,5017.0,9017.0,9317.0,9217.0,9517.0,8317.0,4717.0,9317.0,9817.0,9717.0,6817.0,85.87340319697981,8117.0,57.97765983576317,8517.0,8317.0,,9217.0,9417.0,72.14637770116363,8817.0,,9717.0,5517.0,9017.0,9717.0,9617.0,5217.0,5117.0,6717.0,8917.0,9017.0,9017.0,84.32035515696417,9117.0,8517.0,8817.0,7117.0,8217.0,6817.0,5617.0,9417.0,,8417.0,8517.0,4017.0,4417.0,9217.0,9817.0,76.7456686570859,4717.0,8417.0,4217.0,7517.0,9817.0,7217.0,9617.0,9417.0,8717.0,9317.0,8517.0,8417.0,9617.0,9717.0,7417.0,9417.0,8017.0,9717.0,,9717.0,,9917.0,9317.0,79.15813265244341,6817.0,3417.0,7617.0,69.02551323898817,9017.0,8717.0,9917.0,9417.0,9917.0,54.56042839695093,5117.0,8517.0,9417.0,9717.0,8317.0,8517.0,7017.0,7817.0,9117.0,,5317.0,9417.0,8417.0,9117.0,6517.0,9217.0,5717.0,9717.0,9017.0,9217.0,8817.0,9017.0,9117.0,6017.0,4717.0,9517.0,,73.89693457902463,4017.0,8617.0,8717.0
5,1996,4217.0,9217.0,9017.0,6217.0,9917.0,9917.0,8917.0,,8717.0,8717.0,6517.0,9217.0,9517.0,6917.0,9917.0,9617.0,7317.0,8117.0,6017.0,,8517.0,6117.0,7017.0,8917.0,8017.0,9917.0,9517.0,4017.0,7917.0,8417.0,5617.0,3917.0,9717.0,,4417.0,2217.0,9317.0,8417.0,9017.0,4317.0,2117.0,4217.0,8417.0,6517.0,9217.0,9917.0,9017.0,9717.0,8517.0,4117.0,9917.0,7917.0,83.4176381140203,82.7184355348169,7917.0,9217.0,9417.0,8117.0,6617.0,8617.0,5417.0,85.06745829325617,,9417.0,9817.0,8417.0,,5717.0,9417.0,6517.0,9117.0,7117.0,9017.0,,8517.0,6917.0,6117.0,4917.0,9117.0,5017.0,54.09850374515782,9117.0,,9917.0,9917.0,58.91555915740917,6617.0,7917.0,9917.0,8217.0,7717.0,,9617.0,5517.0,9617.0,9417.0,9417.0,9717.0,8117.0,6417.0,8917.0,9917.0,9817.0,7317.0,83.94036829658509,9617.0,57.72912917820322,8517.0,8217.0,,9317.0,9617.0,71.42018379488344,9117.0,,9117.0,4617.0,9017.0,9717.0,9517.0,5717.0,5117.0,6617.0,6117.0,9317.0,8217.0,86.70623416980291,9017.0,8917.0,9317.0,5817.0,8617.0,6117.0,6517.0,9617.0,,9217.0,8517.0,3817.0,3817.0,9217.0,9817.0,73.63676421750081,5017.0,9017.0,2417.0,8117.0,8717.0,7617.0,9717.0,9917.0,9017.0,9417.0,8817.0,7617.0,9617.0,9817.0,5717.0,9217.0,7017.0,9817.0,,9717.0,,9917.0,9317.0,78.42891372158181,9017.0,3317.0,7617.0,64.19420672806193,9017.0,8917.0,9917.0,9517.0,9917.0,54.164353045551174,5917.0,8717.0,8217.0,9617.0,8317.0,8517.0,7917.0,7817.0,9217.0,,4817.0,9517.0,8817.0,9217.0,7217.0,9817.0,5517.0,9217.0,9017.0,9217.0,9117.0,8917.0,9517.0,6117.0,6417.0,9617.0,,73.4464345544159,4317.0,8617.0,8817.0
6,1997,3817.0,9517.0,9217.0,7817.0,9317.0,9317.0,9217.0,,8517.0,9017.0,6617.0,9317.0,9417.0,7217.0,9217.0,9717.0,7617.0,8517.0,6617.0,,8417.0,5117.0,8617.0,8917.0,9917.0,9817.0,9317.0,4117.0,7717.0,8317.0,5017.0,4317.0,9617.0,,4217.0,3017.0,9617.0,8317.0,8017.0,4917.0,2017.0,1817.0,9917.0,6817.0,9117.0,9617.0,9017.0,9617.0,8417.0,3117.0,9917.0,7917.0,82.58326923722818,81.96361008040282,7717.0,9217.0,9817.0,8217.0,7317.0,8817.0,5117.0,88.90982539074652,,7517.0,9617.0,8317.0,,5617.0,9117.0,6917.0,9117.0,7317.0,9017.0,,9217.0,7417.0,5617.0,5117.0,8217.0,5217.0,52.61591107737152,8917.0,,9917.0,9917.0,58.69754282840082,5517.0,7717.0,9517.0,8517.0,7717.0,,9717.0,5717.0,8817.0,9417.0,9517.0,9717.0,7917.0,8217.0,8517.0,9517.0,9817.0,6717.0,88.43270147559817,9717.0,57.61908517916872,8917.0,8017.0,,9117.0,9617.0,69.42639778128891,9117.0,,9817.0,4617.0,8717.0,9817.0,9617.0,5617.0,5617.0,6417.0,8717.0,9117.0,7417.0,86.12568344174059,9517.0,9117.0,9217.0,6117.0,8817.0,5917.0,7317.0,9617.0,,9917.0,8617.0,3517.0,3817.0,9317.0,9817.0,74.63433050161811,5217.0,9217.0,5017.0,6117.0,9117.0,7917.0,9717.0,9617.0,8717.0,9717.0,9117.0,6617.0,9917.0,9817.0,6017.0,9217.0,6517.0,9917.0,,9817.0,,9917.0,8217.0,77.1709708231257,6817.0,2517.0,8217.0,56.70399585003517,9317.0,9417.0,9717.0,9517.0,9917.0,53.95092354279353,5817.0,7917.0,9217.0,9617.0,8317.0,8417.0,8417.0,7317.0,9317.0,,4317.0,9717.0,8817.0,9217.0,7917.0,9917.0,5417.0,9717.0,9517.0,9117.0,9117.0,9217.0,9617.0,6517.0,6817.0,9617.0,,71.57416484707812,4117.0,8617.0,8417.0
7,1998,3117.0,8917.0,8417.0,6117.0,9917.0,9517.0,9417.0,,8217.0,7817.0,6717.0,9217.0,9917.0,7117.0,9717.0,9817.0,8017.0,8417.0,6717.0,,7117.0,6517.0,8417.0,8917.0,9517.0,9917.0,9517.0,2417.0,6817.0,8417.0,5417.0,4717.0,9617.0,,3717.0,2017.0,9817.0,8317.0,7817.0,6717.0,2017.0,2117.0,8317.0,6617.0,9117.0,9917.0,8917.0,9517.0,9117.0,2117.0,9817.0,8017.0,83.0115505102577,82.4374598497059,8917.0,9817.0,9917.0,8217.0,7917.0,8917.0,4417.0,89.86474353540541,,7717.0,9617.0,8217.0,,5617.0,9017.0,7317.0,9217.0,7817.0,8917.0,,9717.0,7917.0,5217.0,6117.0,9317.0,5317.0,50.652624514255116,9817.0,,9917.0,9617.0,58.3359583752117,5317.0,7717.0,9917.0,8817.0,7717.0,,9417.0,5517.0,8817.0,9517.0,9317.0,9917.0,9017.0,7717.0,8517.0,9917.0,9817.0,7117.0,90.77931318505821,9717.0,55.59635416518922,8317.0,7917.0,,9217.0,9717.0,68.98819161561673,9217.0,,9617.0,5117.0,9017.0,9617.0,9817.0,5417.0,6017.0,6217.0,8517.0,9617.0,8217.0,90.3796874788845,9317.0,9317.0,9117.0,6417.0,8917.0,6417.0,6717.0,9617.0,,8117.0,9117.0,3517.0,3817.0,9117.0,9817.0,75.80605515647963,5417.0,9617.0,6117.0,7117.0,9317.0,8017.0,9717.0,9617.0,8917.0,9717.0,9417.0,7217.0,9917.0,9917.0,5917.0,9317.0,6217.0,9317.0,,9617.0,,9917.0,9317.0,78.4370507142962,6617.0,3217.0,7917.0,55.06532761202942,9317.0,9417.0,9917.0,9017.0,9917.0,52.281276695156116,4917.0,8217.0,9217.0,9417.0,8117.0,8717.0,8317.0,7217.0,9617.0,,4017.0,9417.0,9017.0,9417.0,8117.0,9917.0,5017.0,9617.0,9517.0,8717.0,9217.0,9617.0,9517.0,6417.0,9217.0,9617.0,,71.15759120876181,6617.0,8617.0,7917.0
8,1999,3117.0,8517.0,8317.0,4217.0,9917.0,9717.0,9217.0,,8817.0,6517.0,6817.0,8617.0,9417.0,7117.0,8617.0,9817.0,8217.0,8217.0,6917.0,,7717.0,7917.0,8317.0,9017.0,9917.0,9417.0,9617.0,3617.0,7017.0,8517.0,6317.0,4617.0,9617.0,,3717.0,3017.0,9417.0,8417.0,7917.0,6917.0,1517.0,2317.0,8817.0,5717.0,9217.0,9617.0,8717.0,9717.0,9217.0,2317.0,9917.0,8317.0,83.7926355869089,83.09666479004349,9917.0,9617.0,9417.0,5117.0,8817.0,9217.0,3717.0,91.02241676493013,,7917.0,9617.0,8317.0,,5517.0,9017.0,7617.0,9217.0,8117.0,8817.0,,9417.0,8317.0,4017.0,7017.0,8717.0,5417.0,50.311842620172214,9817.0,,9917.0,9417.0,57.67626385666072,5617.0,7717.0,9917.0,9017.0,7717.0,,9417.0,7017.0,8217.0,9517.0,8317.0,9917.0,7617.0,6217.0,9017.0,9617.0,9917.0,7117.0,92.1629804521804,9717.0,55.401068542842424,7717.0,7717.0,6917.0,9217.0,9717.0,69.48606209194882,9217.0,,9817.0,5517.0,8217.0,9717.0,9717.0,5117.0,6717.0,6217.0,8017.0,9417.0,7917.0,90.28313344288351,9317.0,9317.0,9017.0,6717.0,8617.0,6517.0,8117.0,9617.0,,8317.0,8717.0,3517.0,3517.0,9017.0,9917.0,75.4254323135682,5617.0,9017.0,6217.0,8217.0,9317.0,8017.0,9717.0,9217.0,8717.0,9817.0,9717.0,7817.0,9117.0,9917.0,6417.0,9217.0,6017.0,9917.0,6217.0,9717.0,,9917.0,9817.0,77.83463243407652,9917.0,3817.0,7517.0,57.77796329537442,9517.0,9517.0,9917.0,9517.0,8717.0,49.96757433635522,5117.0,8517.0,9217.0,8917.0,8217.0,8617.0,7917.0,7217.0,9617.0,,5717.0,9317.0,8817.0,9017.0,8217.0,9717.0,5517.0,9917.0,9617.0,8817.0,9217.0,9917.0,9617.0,6217.0,8417.0,9417.0,,71.67205141915517,7417.0,8517.0,7717.0
9,2000,2717.0,9517.0,8017.0,3617.0,9517.0,9117.0,9217.0,,9117.0,7517.0,6717.0,9317.0,9817.0,7417.0,9417.0,9817.0,8217.0,9617.0,7017.0,,7817.0,8417.0,8017.0,9117.0,9917.0,9917.0,8917.0,4817.0,7217.0,8617.0,6517.0,4917.0,9617.0,,3617.0,2817.0,9717.0,8417.0,8817.0,7017.0,4617.0,3417.0,8217.0,6817.0,9317.0,9417.0,8617.0,9717.0,9917.0,5017.0,9917.0,8517.0,83.67909437031382,82.78613539103411,9917.0,9817.0,9717.0,5117.0,7617.0,9317.0,3617.0,92.96471071473492,,8117.0,9617.0,8417.0,,5517.0,8917.0,7317.0,9217.0,9017.0,8917.0,,9217.0,8617.0,4217.0,7117.0,8617.0,5517.0,54.513031522521324,9817.0,,9917.0,9117.0,59.66861781123493,5617.0,7617.0,9917.0,8617.0,7917.0,,9517.0,7417.0,8817.0,9617.0,9417.0,9917.0,7817.0,8017.0,9517.0,9917.0,9817.0,4217.0,93.5678962473183,9717.0,57.521627758542614,7117.0,7417.0,6317.0,9317.0,9717.0,70.13580833617272,9317.0,,9717.0,5717.0,7317.0,9617.0,9917.0,4917.0,7417.0,4617.0,8417.0,9617.0,8517.0,90.18006652373272,8917.0,9217.0,9317.0,7117.0,8417.0,6917.0,7117.0,9617.0,,8517.0,8617.0,3717.0,3317.0,8817.0,9917.0,77.32300212457922,5917.0,9717.0,6217.0,9217.0,9717.0,7817.0,9717.0,8717.0,9117.0,9817.0,9717.0,7417.0,9317.0,7417.0,6917.0,9417.0,4817.0,9717.0,3717.0,9617.0,,9817.0,9517.0,79.9393781394119,9117.0,2417.0,7217.0,58.125143121223424,9417.0,9917.0,9917.0,8817.0,9617.0,52.55157645436361,5817.0,8417.0,9217.0,9117.0,8217.0,8417.0,8817.0,7817.0,9417.0,,5817.0,8817.0,9017.0,9517.0,8717.0,9617.0,5717.0,9917.0,9417.0,8817.0,9117.0,8917.0,9917.0,6117.0,8417.0,9717.0,,72.2853915419241,7017.0,8517.0,7517.0
10,2001,3717.0,9517.0,8317.0,6517.0,9717.0,8917.0,9317.0,,9217.0,7917.0,6817.0,9417.0,9817.0,7717.0,9317.0,9917.0,8217.0,9417.0,6817.0,,7817.0,8817.0,9217.0,9117.0,9917.0,9917.0,9017.0,6317.0,7317.0,8817.0,5917.0,5117.0,9517.0,,3517.0,2617.0,9617.0,8517.0,9317.0,7017.0,3517.0,3517.0,8217.0,7117.0,9417.0,9617.0,8617.0,9717.0,9417.0,4917.0,9917.0,8817.0,84.18456595711163,83.23586069040122,9917.0,9717.0,9517.0,5117.0,8417.0,9517.0,3517.0,94.22977815137541,,8317.0,9617.0,8517.0,,5517.0,8917.0,7417.0,9417.0,7817.0,9117.0,,9917.0,9117.0,4417.0,7217.0,9217.0,5517.0,54.94460431287722,9917.0,,9917.0,8817.0,59.59239706646842,5717.0,7617.0,9617.0,8217.0,7317.0,,9517.0,7717.0,8517.0,9817.0,9917.0,9517.0,7717.0,7617.0,9617.0,9917.0,9917.0,5017.0,94.7797383210202,9817.0,58.59396890393393,6517.0,7017.0,5817.0,9317.0,9717.0,70.73998400061872,9417.0,,9217.0,5917.0,8117.0,9517.0,9817.0,5417.0,7017.0,5817.0,9017.0,9517.0,8417.0,89.18085620112551,9417.0,9517.0,9617.0,7417.0,7317.0,5817.0,7117.0,9517.0,,8517.0,9917.0,3917.0,3217.0,9017.0,9917.0,76.02205014646191,6117.0,9517.0,5617.0,9017.0,9717.0,8117.0,9717.0,9017.0,9217.0,9817.0,9717.0,6917.0,9217.0,8017.0,7517.0,9417.0,4817.0,9517.0,5017.0,9517.0,,9917.0,9417.0,78.7114288656457,8317.0,2017.0,6917.0,59.58897033532262,9617.0,9917.0,9017.0,8917.0,9817.0,52.74876123197743,5817.0,8217.0,9317.0,9417.0,8217.0,8017.0,8817.0,8617.0,9417.0,,4017.0,8317.0,9117.0,9217.0,9117.0,9817.0,5917.0,9917.0,9417.0,8517.0,9117.0,9417.0,9917.0,5917.0,9817.0,9817.0,,72.82427707596781,7117.0,8417.0,7317.0
11,2002,3517.0,9617.0,8117.0,6617.0,9917.0,9517.0,9117.0,,9417.0,7817.0,6617.0,9417.0,9917.0,7517.0,9117.0,9917.0,8217.0,8817.0,6617.0,,7817.0,9117.0,8917.0,9217.0,9617.0,9917.0,9217.0,6417.0,7517.0,8917.0,5217.0,5317.0,9517.0,,4217.0,2517.0,9517.0,8517.0,9317.0,7117.0,4217.0,3717.0,9417.0,7117.0,9517.0,9817.0,8617.0,9817.0,9517.0,6217.0,9917.0,8617.0,83.8190579395547,82.81172316810331,9917.0,9717.0,9317.0,5117.0,8317.0,9517.0,3617.0,91.9994515751836,,8517.0,9617.0,8617.0,,5517.0,9017.0,7517.0,9417.0,7817.0,9217.0,,9617.0,9217.0,4617.0,7317.0,9317.0,5617.0,57.25530664018732,9717.0,,9917.0,9117.0,60.37840642764372,5617.0,7217.0,9917.0,7717.0,7317.0,,9517.0,8117.0,8617.0,9817.0,9517.0,9517.0,7817.0,8817.0,9717.0,9717.0,9817.0,5517.0,93.55468989165121,9817.0,59.953259375911124,5917.0,7817.0,5217.0,9117.0,9817.0,70.30536418170772,9417.0,,9817.0,6117.0,6917.0,9417.0,9717.0,5617.0,6517.0,8717.0,8417.0,9617.0,8817.0,87.98622297006382,9417.0,9817.0,9417.0,7717.0,7717.0,6817.0,7117.0,9517.0,,8417.0,9817.0,4117.0,3017.0,8717.0,9917.0,77.4686112258838,6317.0,9517.0,6117.0,8617.0,9517.0,8217.0,9817.0,9317.0,9917.0,9817.0,9817.0,6917.0,9917.0,8517.0,8517.0,9717.0,5417.0,9817.0,6217.0,9417.0,,9917.0,9317.0,79.51414353284481,7817.0,4517.0,6517.0,58.822244459454424,9717.0,9917.0,9917.0,9817.0,9917.0,54.00419103328653,5817.0,7317.0,9317.0,9517.0,8217.0,8417.0,8917.0,8917.0,9417.0,5617.0,4817.0,7817.0,8717.0,9417.0,8317.0,8817.0,6217.0,9917.0,9417.0,8517.0,9117.0,9517.0,9717.0,5817.0,8317.0,9617.0,,72.5083213877737,6217.0,8417.0,7017.0
12,2003,3917.0,9317.0,8417.0,5217.0,9917.0,9717.0,9417.0,,9417.0,7917.0,6717.0,9017.0,9917.0,7617.0,9017.0,9917.0,8217.0,9617.0,6517.0,,8817.0,9617.0,8417.0,9217.0,9717.0,9817.0,9617.0,7617.0,7617.0,9017.0,6517.0,6117.0,9517.0,,4917.0,2317.0,9617.0,8517.0,9317.0,6717.0,4917.0,5017.0,8917.0,7017.0,9517.0,9917.0,8617.0,9717.0,9617.0,6617.0,9917.0,8317.0,84.53107350040442,83.6231034583271,9917.0,9817.0,9017.0,5117.0,9217.0,9517.0,3517.0,90.49618234714451,,8617.0,9717.0,8717.0,,5517.0,9017.0,7617.0,9517.0,8017.0,9417.0,,9917.0,9417.0,4817.0,7417.0,8917.0,5717.0,61.09981216329422,9517.0,,9917.0,9317.0,62.52182961426432,6017.0,7417.0,9917.0,7317.0,7817.0,,9617.0,8417.0,7817.0,9817.0,9617.0,9917.0,7217.0,7217.0,9617.0,9717.0,9917.0,4217.0,94.0101086632217,9817.0,62.81862513064722,5317.0,8517.0,4717.0,9617.0,9817.0,71.95893938393591,9517.0,,9617.0,6517.0,7717.0,9317.0,9617.0,5717.0,9017.0,8417.0,9117.0,9617.0,9117.0,87.5623357013948,9617.0,9817.0,9017.0,8017.0,8017.0,7017.0,7517.0,9617.0,,8417.0,9317.0,4317.0,3417.0,8617.0,9817.0,79.0256992190107,6117.0,9517.0,6317.0,9117.0,9517.0,8717.0,9717.0,9617.0,9317.0,9717.0,9817.0,9017.0,6217.0,9117.0,8717.0,9617.0,6017.0,9917.0,7317.0,9317.0,,9917.0,9417.0,79.76638458982981,8217.0,4017.0,6217.0,61.79413044416032,9817.0,9917.0,9817.0,9017.0,9417.0,56.66336077020832,6517.0,6917.0,9317.0,9517.0,8217.0,8317.0,9117.0,9717.0,9617.0,5517.0,6817.0,8517.0,8817.0,9017.0,7517.0,9717.0,6417.0,9917.0,9417.0,8217.0,9317.0,9517.0,9917.0,5617.0,8317.0,9317.0,,74.06114330507452,6317.0,8417.0,6817.0
13,2004,4817.0,9617.0,8117.0,5217.0,9717.0,9917.0,9217.0,,9417.0,7417.0,6717.0,8917.0,9917.0,8117.0,9817.0,9917.0,8217.0,9717.0,6317.0,,8717.0,9017.0,8817.0,9317.0,9717.0,9917.0,9517.0,7817.0,7817.0,9117.0,8017.0,6417.0,9417.0,,5517.0,1617.0,9417.0,8617.0,9417.0,7617.0,5717.0,6517.0,8817.0,7817.0,9617.0,9917.0,8617.0,9717.0,9617.0,6017.0,9917.0,8117.0,86.35408983634363,85.54087803513681,9917.0,9717.0,9317.0,5117.0,9617.0,9617.0,3517.0,92.2636542795862,,8817.0,9717.0,8817.0,,5517.0,9217.0,8617.0,9617.0,8317.0,9517.0,,7417.0,9517.0,5017.0,7517.0,8817.0,5717.0,63.38958755708918,9217.0,,9917.0,9317.0,65.48044399028572,6417.0,7617.0,9617.0,6917.0,8117.0,,9717.0,8617.0,8617.0,9817.0,9917.0,9917.0,7317.0,5617.0,9917.0,9717.0,9917.0,3617.0,93.3022407860118,9817.0,65.64469939535512,5817.0,8417.0,4117.0,9917.0,9817.0,74.17515036764308,9517.0,,9617.0,7917.0,8017.0,9517.0,9717.0,6317.0,9417.0,7317.0,9817.0,9617.0,8517.0,87.60676679266163,9617.0,9917.0,9517.0,7917.0,8617.0,7017.0,7317.0,9617.0,,8317.0,8417.0,4517.0,3717.0,8917.0,9817.0,79.95130826003809,6717.0,9717.0,6017.0,9117.0,8517.0,9217.0,9717.0,9517.0,9917.0,9717.0,9817.0,8417.0,2517.0,9817.0,9117.0,9717.0,5717.0,9917.0,7617.0,9517.0,,9917.0,9417.0,81.23525903943332,8717.0,4017.0,5717.0,66.03528995474612,9717.0,9617.0,9817.0,9517.0,9917.0,58.540958549416416,6717.0,8617.0,9317.0,9617.0,8217.0,8217.0,9217.0,9417.0,9617.0,5517.0,7017.0,8417.0,9517.0,9517.0,8117.0,9717.0,6617.0,9917.0,9417.0,8117.0,9317.0,9517.0,9817.0,5517.0,8017.0,9717.0,,76.07521734280141,7317.0,8517.0,6617.0
14,2005,5017.0,9717.0,8317.0,3217.0,9917.0,9817.0,9417.0,,9417.0,7517.0,6717.0,8517.0,9917.0,8817.0,9317.0,9917.0,8817.0,9517.0,6117.0,,9317.0,8917.0,9017.0,9317.0,9817.0,9817.0,9617.0,8417.0,8717.0,9217.0,7917.0,6817.0,9417.0,,6217.0,2717.0,9017.0,8617.0,9617.0,6717.0,6117.0,5417.0,8917.0,8417.0,9617.0,9817.0,8617.0,9717.0,9517.0,6517.0,9817.0,7917.0,86.38117424381541,85.58613622310442,9317.0,9817.0,9917.0,5117.0,9517.0,9617.0,4017.0,95.09299873839315,,9017.0,9717.0,8717.0,,5517.0,9117.0,9017.0,9617.0,8317.0,9617.0,,9917.0,9317.0,5117.0,7617.0,9217.0,5817.0,66.12612049161791,9617.0,,9917.0,9017.0,68.25419521652742,6817.0,7717.0,9417.0,6917.0,8417.0,,9417.0,8717.0,8417.0,9817.0,9517.0,9917.0,6917.0,8517.0,9917.0,9917.0,9917.0,4117.0,93.03173653249391,9817.0,67.7629337877286,6317.0,8317.0,6217.0,9717.0,9717.0,76.1162338302307,9517.0,,9617.0,7417.0,8217.0,9617.0,9717.0,7317.0,8617.0,6517.0,9817.0,9617.0,9617.0,87.64124739609251,9717.0,9717.0,9717.0,7817.0,8417.0,7317.0,7417.0,9517.0,,8217.0,9617.0,4717.0,4117.0,9017.0,9817.0,79.75284476011332,7317.0,9917.0,6317.0,9117.0,7717.0,9217.0,9817.0,9317.0,9917.0,9717.0,9917.0,8917.0,5717.0,9417.0,8817.0,9717.0,7417.0,9917.0,7117.0,9617.0,,9817.0,9417.0,81.37853944761909,8717.0,3517.0,6317.0,70.40340948358352,9717.0,9917.0,9917.0,9417.0,9717.0,60.6690517922717,6917.0,9117.0,9317.0,9617.0,8717.0,8117.0,8517.0,9117.0,9617.0,4817.0,7017.0,8117.0,9317.0,9617.0,9117.0,9917.0,6817.0,9617.0,9217.0,8217.0,9217.0,9517.0,9917.0,5317.0,7617.0,9517.0,,77.7862867174815,7217.0,8517.0,6717.0
15,2006,5317.0,9517.0,9117.0,3317.0,9917.0,9717.0,9217.0,,9417.0,8017.0,6917.0,8817.0,9917.0,8317.0,9217.0,9717.0,9217.0,9917.0,6617.0,,9017.0,8817.0,8517.0,9417.0,9917.0,9717.0,9617.0,8817.0,9217.0,9417.0,7817.0,7317.0,9317.0,,6117.0,3917.0,9117.0,9317.0,9517.0,6617.0,6317.0,6117.0,9017.0,7317.0,9517.0,9617.0,8717.0,9717.0,9017.0,6717.0,9717.0,8117.0,90.13798587025332,89.69814116256491,9717.0,9817.0,9817.0,5117.0,9517.0,9617.0,4417.0,96.56310709962915,,9217.0,9717.0,8917.0,,5517.0,8917.0,9617.0,9617.0,8517.0,9817.0,,9817.0,9517.0,5117.0,7417.0,9017.0,5917.0,68.52687973415492,9717.0,,9917.0,9517.0,69.22544165704592,6917.0,7917.0,9917.0,6217.0,8617.0,,9617.0,8817.0,8717.0,9717.0,9917.0,9917.0,7717.0,6117.0,9917.0,9917.0,9717.0,4817.0,94.5889539501556,9817.0,68.86522000150431,6917.0,8217.0,6317.0,9817.0,9717.0,78.09311419180429,9517.0,,9417.0,7117.0,8517.0,9517.0,9717.0,6817.0,9417.0,6217.0,9917.0,9617.0,8317.0,87.55348353316792,9617.0,9917.0,9517.0,7617.0,7817.0,6317.0,8517.0,9617.0,,8217.0,9917.0,5317.0,4417.0,9217.0,9617.0,79.39016906968763,7117.0,9517.0,6517.0,9117.0,9317.0,9217.0,9917.0,9717.0,9917.0,9517.0,9917.0,9517.0,5417.0,9417.0,8517.0,9517.0,8017.0,9917.0,6517.0,9317.0,,9817.0,9617.0,81.20693545587541,9917.0,3517.0,6417.0,70.71418188640929,9717.0,9917.0,9917.0,9417.0,9917.0,63.29360693847542,7317.0,8317.0,9317.0,9717.0,8717.0,8117.0,8217.0,9317.0,9617.0,6117.0,7817.0,7817.0,8917.0,9817.0,9817.0,9917.0,7517.0,9817.0,9217.0,8517.0,9217.0,9417.0,9817.0,5217.0,8217.0,9317.0,,79.58565139509332,6317.0,8517.0,6817.0
16,2007,5517.0,9717.0,9217.0,7117.0,9917.0,9417.0,9217.0,,9417.0,7917.0,7517.0,9617.0,9917.0,8917.0,7517.0,9917.0,9217.0,9617.0,7017.0,,9517.0,8617.0,9617.0,9517.0,9917.0,9717.0,9617.0,9417.0,8817.0,9517.0,7917.0,7417.0,9417.0,,5917.0,3117.0,9217.0,9417.0,9317.0,6517.0,6817.0,5917.0,9017.0,6717.0,9617.0,9717.0,8717.0,9817.0,8917.0,7417.0,9617.0,8217.0,89.5523401846089,89.21916260874531,9817.0,9717.0,9917.0,5117.0,9717.0,9617.0,4917.0,96.5922005249374,,9417.0,9817.0,9017.0,,6217.0,8817.0,9717.0,9717.0,9517.0,9917.0,,9817.0,8617.0,5717.0,7317.0,9617.0,6017.0,70.80919361745113,9617.0,,9917.0,9517.0,69.79749792747643,7017.0,7617.0,9717.0,6417.0,8717.0,,9717.0,9017.0,7617.0,9617.0,9517.0,9917.0,8017.0,9317.0,9217.0,9917.0,9917.0,4017.0,94.04375749020271,9517.0,72.67701132366962,7417.0,8117.0,7117.0,9817.0,9717.0,78.54554547911762,9617.0,,9617.0,8117.0,8317.0,9517.0,9717.0,6617.0,7917.0,6717.0,9817.0,9617.0,9217.0,87.7049972080715,9617.0,9817.0,9517.0,7517.0,8117.0,6917.0,8117.0,9617.0,,7917.0,9917.0,6017.0,4117.0,9217.0,9717.0,80.52787169315917,6717.0,9517.0,5817.0,9117.0,9217.0,9217.0,9817.0,9517.0,9217.0,9717.0,9917.0,9417.0,6317.0,9217.0,8617.0,9617.0,8417.0,9917.0,6017.0,9517.0,,9917.0,9617.0,81.62489359470791,9517.0,3517.0,6217.0,71.4625012491572,9717.0,9817.0,9917.0,9417.0,9917.0,65.52311923758992,7917.0,8517.0,9417.0,9617.0,8717.0,8117.0,8517.0,9017.0,9617.0,6317.0,7117.0,7717.0,9117.0,9817.0,9617.0,9917.0,7517.0,9717.0,9217.0,8617.0,9217.0,9617.0,9817.0,5217.0,8717.0,8317.0,,79.99761139693149,6917.0,9317.0,6917.0
17,2008,5917.0,9817.0,8817.0,6117.0,9917.0,9617.0,9417.0,,9417.0,8317.0,7917.0,9017.0,9917.0,9217.0,9417.0,9917.0,9317.0,9617.0,6617.0,,9917.0,9217.0,8417.0,9517.0,9917.0,9917.0,9617.0,9417.0,8417.0,9617.0,8917.0,8017.0,9317.0,,5817.0,2717.0,9617.0,9717.0,9517.0,7617.0,6417.0,6917.0,8917.0,6317.0,9817.0,9817.0,8717.0,9717.0,8717.0,7317.0,9917.0,8317.0,91.77294705692152,91.62383741188313,9817.0,9217.0,9517.0,5117.0,9717.0,9517.0,5417.0,96.5490466905646,,9417.0,9717.0,8917.0,,6717.0,9217.0,9717.0,9717.0,8617.0,9917.0,,9917.0,9617.0,5517.0,7117.0,9517.0,6217.0,70.4021441866617,9517.0,,9917.0,9617.0,71.99453680662222,7217.0,7617.0,9817.0,7617.0,8917.0,,9817.0,9017.0,8817.0,9517.0,9517.0,9917.0,9017.0,7217.0,9217.0,9917.0,9917.0,5217.0,95.1960839089172,9617.0,72.53063746523509,7917.0,8017.0,7617.0,9817.0,9717.0,80.21682718829071,9617.0,,9817.0,7017.0,8817.0,9517.0,9717.0,7117.0,7817.0,6517.0,9817.0,9617.0,8617.0,87.68557288108963,9517.0,9717.0,9617.0,7717.0,8217.0,7317.0,7917.0,9617.0,,8617.0,9917.0,6617.0,5317.0,9317.0,9817.0,82.6310147954743,6717.0,9617.0,5417.0,9117.0,9217.0,9217.0,9817.0,9717.0,9617.0,9617.0,9917.0,9217.0,4417.0,7317.0,9317.0,9717.0,7717.0,9917.0,7317.0,9517.0,,9917.0,9617.0,83.4153920834935,7717.0,3417.0,6417.0,73.22161968335442,9817.0,9817.0,9917.0,9917.0,9917.0,67.56826575876632,7917.0,8617.0,9417.0,9617.0,9217.0,8117.0,8617.0,8817.0,9817.0,7317.0,6317.0,7417.0,9117.0,9817.0,9717.0,9917.0,7017.0,9417.0,9217.0,8617.0,9217.0,9517.0,9817.0,5217.0,9317.0,9217.0,,81.5132210699551,6717.0,8717.0,7017.0
18,2009,6017.0,9717.0,9217.0,5717.0,9917.0,9617.0,9617.0,,9417.0,7617.0,8517.0,9817.0,9917.0,9317.0,9417.0,9917.0,9517.0,9717.0,7117.0,,9417.0,9317.0,9317.0,9617.0,9917.0,9917.0,9617.0,9417.0,9117.0,9717.0,9217.0,7417.0,9117.0,,5617.0,3617.0,9317.0,9917.0,8917.0,7917.0,7217.0,6317.0,8117.0,6717.0,9517.0,9917.0,8717.0,9817.0,8417.0,8417.0,9917.0,8417.0,92.7019851124962,92.63498437895441,9717.0,9517.0,9117.0,5117.0,9917.0,9517.0,5917.0,94.41507234402752,,9417.0,9817.0,8917.0,,6317.0,9617.0,8317.0,9717.0,9317.0,9917.0,,9817.0,9217.0,5317.0,6917.0,9717.0,6317.0,73.9681231720735,9917.0,,9917.0,9217.0,74.5696962136592,7817.0,7417.0,9917.0,8117.0,9017.0,,9617.0,9017.0,8817.0,9417.0,9517.0,9917.0,8817.0,8217.0,9317.0,9917.0,9917.0,5917.0,94.1722925081104,9217.0,75.7003382828663,7917.0,8417.0,8317.0,9817.0,9617.0,82.64686756145332,9617.0,,9617.0,6317.0,9217.0,9517.0,9817.0,7317.0,8217.0,5917.0,9917.0,9617.0,8617.0,89.6190847569207,9017.0,9417.0,9817.0,8017.0,8717.0,7617.0,9017.0,9617.0,,8917.0,9917.0,6917.0,6417.0,9317.0,9917.0,83.5790531150953,5717.0,9617.0,5517.0,9117.0,9117.0,8817.0,9817.0,9517.0,9917.0,9617.0,9817.0,9517.0,4517.0,9317.0,9017.0,9817.0,7917.0,9717.0,8017.0,9517.0,,9917.0,9517.0,84.35800495021162,7717.0,4317.0,7817.0,76.55818118331563,9817.0,9717.0,9917.0,9917.0,9917.0,72.63034585928251,8217.0,8817.0,9417.0,9717.0,9217.0,8217.0,8917.0,9117.0,9817.0,7017.0,6617.0,7017.0,9417.0,9817.0,9717.0,9917.0,7717.0,7517.0,9317.0,8617.0,9017.0,9417.0,9517.0,5317.0,8717.0,9717.0,,83.61843444557651,6317.0,9017.0,7617.0
19,2010,6217.0,9917.0,9517.0,7217.0,9817.0,9517.0,9717.0,,9417.0,8017.0,8917.0,9417.0,9917.0,8817.0,8517.0,9917.0,9517.0,9817.0,6817.0,,9517.0,8817.0,9117.0,9617.0,9917.0,9417.0,9717.0,9217.0,9217.0,9717.0,8917.0,7917.0,9017.0,,5317.0,4617.0,9317.0,9917.0,8817.0,7217.0,7417.0,7517.0,8317.0,7017.0,9617.0,9917.0,8717.0,9817.0,8517.0,8517.0,9917.0,8517.0,92.89128432945739,92.75096865395271,9517.0,9617.0,9217.0,5117.0,9917.0,9517.0,6417.0,93.44467134103417,,9417.0,9817.0,8917.0,,6217.0,9217.0,9417.0,9717.0,9317.0,9917.0,,9517.0,9317.0,5817.0,6917.0,9517.0,6417.0,76.1505400904272,9817.0,,9917.0,9317.0,75.6924754017703,8217.0,7817.0,9917.0,7517.0,9017.0,,9617.0,9117.0,8917.0,9417.0,9817.0,9917.0,8617.0,8917.0,9817.0,9817.0,9917.0,6417.0,93.45019959263159,9517.0,77.15125915860891,7917.0,8817.0,6517.0,9817.0,9617.0,83.86450447484242,9617.0,,9817.0,6617.0,9317.0,9517.0,9717.0,7817.0,7317.0,6717.0,9917.0,9517.0,8017.0,89.8005734144701,9717.0,9717.0,9817.0,8217.0,8817.0,7517.0,8617.0,9617.0,,9117.0,9917.0,6717.0,5617.0,9317.0,9917.0,82.83664062984842,6917.0,9717.0,5517.0,9417.0,9417.0,8017.0,9817.0,9617.0,9917.0,9517.0,9817.0,9517.0,5617.0,6817.0,9217.0,9817.0,8117.0,9917.0,8117.0,9517.0,,9817.0,9517.0,83.9147810963349,8517.0,4617.0,7417.0,80.4942520402163,9517.0,9917.0,9917.0,9517.0,9917.0,73.06826245022417,9017.0,9017.0,9417.0,9717.0,9217.0,8217.0,9417.0,9217.0,9817.0,6617.0,6817.0,6817.0,9217.0,9717.0,9717.0,9917.0,7317.0,5617.0,9417.0,8917.0,9217.0,9517.0,9817.0,5317.0,7917.0,9817.0,,84.80279214555252,6617.0,9617.0,9017.0
20,2011,6417.0,9917.0,9517.0,6417.0,9917.0,9517.0,9717.0,,9417.0,8417.0,9217.0,9017.0,9917.0,9317.0,9317.0,9917.0,9517.0,9817.0,7017.0,,9517.0,9617.0,8917.0,9717.0,9917.0,9117.0,9517.0,8917.0,9317.0,9617.0,8317.0,7617.0,8817.0,,4917.0,5417.0,9117.0,9917.0,8817.0,7917.0,7417.0,8017.0,8317.0,4917.0,9617.0,9917.0,8717.0,9817.0,8717.0,8417.0,9917.0,8717.0,93.0372216759552,92.8800985150074,9417.0,9617.0,8917.0,5117.0,9917.0,9417.0,6817.0,94.5535483696694,,9417.0,9717.0,8917.0,,7217.0,9117.0,9117.0,9717.0,9117.0,9917.0,,9517.0,8917.0,6217.0,6917.0,9817.0,6517.0,75.9974707414063,9517.0,,9917.0,9417.0,74.18969364581763,8417.0,8017.0,9917.0,7717.0,9217.0,,9717.0,9017.0,8817.0,9417.0,9817.0,9917.0,8717.0,9017.0,9917.0,9917.0,9717.0,6917.0,94.54402680978671,9217.0,77.5579514283049,7917.0,9217.0,7117.0,9817.0,9417.0,83.8305930697863,9617.0,,9717.0,6217.0,9617.0,9517.0,9617.0,7217.0,8417.0,6717.0,9917.0,9817.0,9217.0,89.7397487842507,9117.0,9817.0,9917.0,8217.0,8817.0,7417.0,8817.0,9617.0,,9317.0,9917.0,6917.0,4917.0,9317.0,9917.0,83.4190310874205,6317.0,9717.0,6017.0,9317.0,9617.0,7917.0,9817.0,9717.0,9817.0,9317.0,9817.0,9517.0,5917.0,8317.0,9117.0,9817.0,8417.0,9917.0,8317.0,9517.0,,9817.0,9617.0,84.3999789048803,9017.0,4617.0,7817.0,81.53958864266309,9717.0,9917.0,9917.0,9117.0,9717.0,71.39086286556451,8717.0,8517.0,8717.0,9717.0,9317.0,8017.0,9817.0,9317.0,9817.0,6217.0,7217.0,6617.0,9217.0,9617.0,9817.0,9917.0,7517.0,6717.0,9417.0,9017.0,9217.0,9517.0,9917.0,5317.0,8617.0,9617.0,,84.7867904881649,6317.0,8317.0,9217.0
21,2012,5917.0,9817.0,9517.0,7217.0,9817.0,9417.0,9717.0,,9417.0,8817.0,9417.0,9117.0,9917.0,8817.0,9017.0,9817.0,9617.0,9617.0,7517.0,,9517.0,9617.0,9417.0,9717.0,9917.0,9917.0,9417.0,8717.0,9317.0,9117.0,7917.0,8217.0,9817.0,,4917.0,6417.0,9017.0,9917.0,9417.0,8517.0,7217.0,7517.0,9017.0,7417.0,9517.0,9917.0,8617.0,9817.0,9017.0,8317.0,9917.0,8817.0,93.7439867060512,93.57256672833172,9617.0,9317.0,9317.0,3517.0,9817.0,9417.0,6517.0,95.16026670520216,,9417.0,9717.0,9017.0,,7117.0,9517.0,9317.0,9717.0,8817.0,9917.0,,9417.0,9317.0,6117.0,6917.0,9917.0,6517.0,77.06407651568391,9317.0,,9917.0,9017.0,73.24257391102809,8317.0,8217.0,9817.0,6917.0,9217.0,,9617.0,9017.0,9317.0,9617.0,9817.0,9617.0,9317.0,9117.0,9917.0,9917.0,9817.0,7217.0,95.44501379907551,9017.0,77.09457326868852,7917.0,9117.0,8017.0,9817.0,9317.0,83.4722547504247,9917.0,,9617.0,6117.0,9017.0,9517.0,9817.0,7517.0,9317.0,7517.0,9917.0,9917.0,9117.0,86.69597055382452,9117.0,9917.0,9917.0,8217.0,8417.0,7617.0,8617.0,9617.0,,9217.0,9917.0,7517.0,4217.0,9417.0,9917.0,83.38003435435931,6117.0,9817.0,6717.0,9117.0,9417.0,8517.0,9817.0,9717.0,9717.0,9417.0,9817.0,9717.0,7617.0,8717.0,9217.0,9817.0,8317.0,9817.0,8417.0,9517.0,,9917.0,9517.0,84.6162153630527,9917.0,4617.0,7917.0,79.92628995117052,9717.0,9917.0,9517.0,9917.0,9417.0,71.41193084828672,8517.0,7317.0,7717.0,9817.0,9317.0,6117.0,9417.0,9717.0,9817.0,7317.0,7217.0,6217.0,8517.0,9617.0,9617.0,9917.0,8217.0,7917.0,9417.0,9217.0,9117.0,9617.0,9917.0,5317.0,8717.0,9617.0,,84.47095724810319,6317.0,8217.0,9717.0
22,2013,6017.0,9917.0,9517.0,6617.0,9817.0,9417.0,9717.0,,9417.0,9217.0,9817.0,9217.0,9917.0,8817.0,8717.0,9917.0,9617.0,9917.0,6817.0,,9417.0,9517.0,9217.0,9717.0,9917.0,9617.0,9517.0,8217.0,9817.0,9117.0,7617.0,8317.0,9017.0,,2517.0,5917.0,9017.0,9917.0,9217.0,8217.0,7617.0,8017.0,9117.0,7617.0,9417.0,9917.0,8617.0,9917.0,8917.0,8017.0,9317.0,8317.0,94.10934816897232,94.0027579647693,9717.0,9617.0,9417.0,4217.0,9417.0,9417.0,6217.0,95.80829857601515,,9417.0,9717.0,8917.0,,7017.0,9617.0,9717.0,9717.0,8917.0,9917.0,,9417.0,8517.0,6217.0,6917.0,9917.0,6517.0,77.32985135941563,8917.0,,9917.0,9117.0,73.37159496525341,8317.0,8117.0,9817.0,6317.0,9217.0,,9617.0,9017.0,9417.0,9517.0,9717.0,9917.0,7317.0,9117.0,9917.0,9917.0,9917.0,8217.0,91.9511173991072,9617.0,76.99272627729451,7917.0,9017.0,7417.0,9617.0,9317.0,83.1635272284749,9917.0,,9617.0,6317.0,8817.0,9517.0,9917.0,8017.0,9917.0,8017.0,9917.0,8917.0,9117.0,87.27969812868879,9117.0,9717.0,9917.0,8517.0,8617.0,8217.0,8817.0,9617.0,,9217.0,9917.0,7617.0,4717.0,9317.0,9917.0,84.27825768747117,6117.0,9217.0,7017.0,9217.0,8517.0,9017.0,9817.0,9817.0,9917.0,9217.0,9817.0,9517.0,9017.0,7417.0,9117.0,9817.0,8417.0,9717.0,8317.0,9517.0,,9817.0,9417.0,85.7633793398102,9317.0,4617.0,6617.0,79.9203400874677,9517.0,9917.0,9917.0,9917.0,9917.0,70.71370344009712,8517.0,9317.0,8517.0,9817.0,9317.0,5817.0,9217.0,9917.0,9917.0,7017.0,7217.0,6717.0,9117.0,9417.0,9817.0,9917.0,8217.0,7917.0,9417.0,9317.0,9217.0,9617.0,9717.0,5317.0,8517.0,9817.0,,84.1727065858187,7017.0,8017.0,9317.0
23,2014,6617.0,9817.0,9517.0,6017.0,9817.0,9517.0,9717.0,,9317.0,9617.0,9817.0,9217.0,9917.0,8817.0,9517.0,9917.0,9617.0,9517.0,6817.0,,9717.0,9917.0,8917.0,9717.0,9917.0,9717.0,9317.0,8817.0,9417.0,9317.0,8017.0,8017.0,9017.0,,4917.0,5417.0,9717.0,9917.0,9117.0,8017.0,7717.0,8017.0,9517.0,6217.0,9417.0,9917.0,8617.0,9917.0,9017.0,7117.0,9417.0,8817.0,93.36280734666916,93.10679944129473,8517.0,9317.0,9517.0,4417.0,9017.0,9317.0,7017.0,93.2485489030043,,9417.0,9717.0,9117.0,,6117.0,9617.0,9217.0,9717.0,9217.0,9717.0,,9417.0,6717.0,5217.0,6917.0,9917.0,5317.0,78.02811762835081,8817.0,,9917.0,9017.0,74.3067601747701,8517.0,7717.0,9917.0,5717.0,9317.0,,9617.0,8717.0,9217.0,9817.0,9817.0,9917.0,7917.0,8817.0,9917.0,9417.0,9617.0,8717.0,92.9866964604944,9517.0,77.55511504446991,7917.0,9017.0,5817.0,9317.0,9317.0,83.53877238170891,9917.0,,9317.0,6417.0,8517.0,9417.0,9917.0,8017.0,9817.0,8417.0,9817.0,9717.0,9117.0,85.4387067946557,9017.0,9817.0,9917.0,8517.0,8617.0,8317.0,8817.0,9617.0,,9317.0,9917.0,7217.0,5117.0,9417.0,9917.0,83.6343809502135,6117.0,9017.0,6517.0,8917.0,8917.0,8817.0,9717.0,9817.0,9917.0,8917.0,9817.0,9717.0,8217.0,5717.0,9217.0,9817.0,8017.0,9917.0,7817.0,9517.0,,9717.0,9417.0,85.0868785038532,9317.0,4617.0,7017.0,81.46258421252362,9617.0,9917.0,9317.0,9917.0,9917.0,71.95305118716072,8617.0,8517.0,8617.0,9817.0,9317.0,5417.0,9817.0,9917.0,9917.0,7417.0,8217.0,6717.0,9617.0,9817.0,9417.0,9917.0,8217.0,5617.0,9417.0,9317.0,9217.0,9617.0,9917.0,5317.0,8917.0,9717.0,,84.5334652791199,6717.0,8517.0,9217.0
24,2015,6817.0,9817.0,9517.0,5517.0,9817.0,8917.0,9717.0,,9117.0,9617.0,9817.0,9417.0,9917.0,8817.0,9617.0,9917.0,9617.0,9617.0,7517.0,,9717.0,9917.0,8317.0,9717.0,9917.0,9617.0,9217.0,8817.0,9317.0,9217.0,8117.0,7917.0,9017.0,,4917.0,6217.0,9617.0,9917.0,9417.0,8117.0,7917.0,8017.0,9317.0,7217.0,9317.0,9917.0,9017.0,9917.0,9117.0,7417.0,9617.0,9017.0,91.4261953692295,91.15173857044815,8417.0,9217.0,9517.0,2717.0,8517.0,9317.0,7817.0,93.25487003039859,,9417.0,9717.0,9117.0,,6817.0,9717.0,9617.0,9717.0,8917.0,9717.0,,9917.0,9917.0,5217.0,6917.0,9917.0,5317.0,79.67805725528329,8717.0,,9917.0,9317.0,75.25729725728061,8717.0,6917.0,9917.0,5717.0,9317.0,,9817.0,8517.0,9117.0,9617.0,9417.0,9917.0,7517.0,8417.0,9817.0,9317.0,9917.0,8817.0,94.33358054212951,9617.0,78.51491191157317,7917.0,9017.0,6417.0,9317.0,9417.0,83.89278693745531,9917.0,,8917.0,5817.0,8717.0,9317.0,9917.0,7617.0,8917.0,7017.0,9917.0,9717.0,9117.0,84.99580561534661,8917.0,9817.0,9917.0,8517.0,8617.0,8517.0,8517.0,9517.0,,9317.0,9917.0,7317.0,5417.0,9517.0,9917.0,83.1248593387839,6117.0,9017.0,6017.0,8317.0,9217.0,8217.0,9617.0,9817.0,9917.0,8617.0,9817.0,9717.0,6917.0,5317.0,9317.0,9817.0,8017.0,9817.0,7617.0,9517.0,,9517.0,9417.0,84.48610081274191,9217.0,4617.0,7617.0,82.8489628017474,9617.0,9917.0,9517.0,9717.0,9917.0,73.39663591880517,8717.0,9417.0,7817.0,9817.0,9417.0,5317.0,9717.0,9917.0,9917.0,7017.0,8517.0,6717.0,8917.0,9817.0,9417.0,9917.0,8217.0,5617.0,9417.0,9517.0,9217.0,9617.0,9917.0,5317.0,9217.0,9717.0,,84.82315416482531,6717.0,9017.0,8617.0
25,2016,,,,,,,,,,,,,,,,,,,,,,,,,,,,,,,,,,,,,,,,,,,,,,,,,,,,,,,,,,,,,,,,,,,,,,,,,,,,,,,,,,,,,,,,,,,,,,,,,,,,,,,,,,,,,,,,,,,,,,,,,,,,,,,,,,,,,,,,,,,,,,,,,,,,,,,,,,,,,,,,,,,,,,,,,,,,,,,,,,,,,,,,,,,,,,,,,,,,,,,,,,,,,,,,
